

-- Se inserta en la tabla Pelicula
INSERT 
  INTO Pelicula (cip,titulo_p,ano_produccion,titulo_s,
       nacionalidad,presupuesto,duracion)
  VALUES ('11111101-S','El proyecto de la Bruja Blair',
         1999,'The Blair project','EE.UU',500,82);
INSERT 
  INTO Pelicula (cip,titulo_p,ano_produccion,titulo_s,
       nacionalidad,presupuesto,duracion)
  VALUES ('11111103-S','El fin de los días',
         1999,'El fin de los días','EE.UU',7000,122);
INSERT 
  INTO Pelicula (cip,titulo_p,ano_produccion,titulo_s,
       nacionalidad,presupuesto,duracion)
  VALUES ('11111102-S','Viaje al centro de la tierra',
         1995,'Viaje al centro de la tierra','EE.UU',6000,139);
INSERT 
  INTO Pelicula (cip,titulo_p,ano_produccion,titulo_s,
       nacionalidad,presupuesto,duracion)
  VALUES ('11111104-S','Bowfinger, El pícaro',
         1999,'Bowfinger, El pícaro','EE.UU',4500,100);
INSERT 
  INTO Pelicula (cip,titulo_p,ano_produccion,titulo_s,
       nacionalidad,presupuesto,duracion)
  VALUES ('11111105-S','Un marido ideal',
         1999,'Un marido ideal','EE.UU',3000,123);
INSERT 
  INTO Pelicula (cip,titulo_p,ano_produccion,titulo_s,
       nacionalidad,presupuesto,duracion)
  VALUES ('11111106-S','La cara del terror',
         1997,'La cara del terror','EE.UU',4000,90);
INSERT 
  INTO Pelicula (cip,titulo_p,ano_produccion,titulo_s,
       nacionalidad,presupuesto,duracion)
  VALUES ('11111107-S','Jugando con el corazón',
         1995,'Jugando con el corazón','EE.UU',2500,98);
INSERT 
  INTO Pelicula (cip,titulo_p,ano_produccion,titulo_s,
       nacionalidad,presupuesto,duracion)
  VALUES ('11111108-S','El desayuno de campeones',
         1995,'El desayuno de campeones','EE.UU',2000,123);
INSERT 
  INTO Pelicula (cip,titulo_p,ano_produccion,titulo_s,
       nacionalidad,presupuesto,duracion)
  VALUES ('11111109-S','La vida prometida',
         1995,'La vida prometida','EE.UU',2560,124);
INSERT 
  INTO Pelicula (cip,titulo_p,ano_produccion,titulo_s,
       nacionalidad,presupuesto,duracion)
  VALUES ('11111110-S','Nadie en el mundo',
         1998,'Nadie conoce a nadie','EE.UU',800,89);
INSERT 
  INTO Pelicula (cip,titulo_p,ano_produccion,titulo_s,
       nacionalidad,presupuesto,duracion)
  VALUES ('11111111-S','Soledad en las montañas',
         1999,'Soledad en las montañas','EE.UU',900,125);
INSERT 
  INTO Pelicula (cip,titulo_p,ano_produccion,titulo_s,
       nacionalidad,presupuesto,duracion)
  VALUES ('11111112-S','Accidente 703',
         1995,'Accidente 703','Española',250,95);
INSERT 
  INTO Pelicula (cip,titulo_p,ano_produccion,titulo_s,
       nacionalidad,presupuesto,duracion)
  VALUES ('11111113-S','24 horas para la medianoche',
         1996,'24 horas para la medianoche','EE.UU',500,82);
INSERT 
  INTO Pelicula (cip,titulo_p,ano_produccion,titulo_s,
       nacionalidad,presupuesto,duracion)
  VALUES ('11111114-S','Veintisiete horas',
         1998,'Veintisiete horas','Española',600,79);
INSERT 
  INTO Pelicula (cip,titulo_p,ano_produccion,titulo_s,
       nacionalidad,presupuesto,duracion)
  VALUES ('11111115-S','Velocidad terminal',
         1996,'Velocidad terminal','Escocia',450,97);
INSERT 
  INTO Pelicula (cip,titulo_p,ano_produccion,titulo_s,
       nacionalidad,presupuesto,duracion)
  VALUES ('11111116-S','Verano en Louisiana',
         1996,'Verano en Louisiana','EE.UU',559,95);
INSERT 
  INTO Pelicula (cip,titulo_p,ano_produccion,titulo_s,
       nacionalidad,presupuesto,duracion)
  VALUES ('11111117-S','Verdad oculta',
         1997,'Verdad oculta','EE.UU',665,90);
INSERT 
  INTO Pelicula (cip,titulo_p,ano_produccion,titulo_s,
       nacionalidad,presupuesto,duracion)
  VALUES ('11111118-S','Viaje de novios a la Italia',
         1997,'Viaje de novios a la Italia','EE.UU',700,90);
INSERT 
  INTO Pelicula (cip,titulo_p,ano_produccion,titulo_s,
       nacionalidad,presupuesto,duracion)
  VALUES ('11111119-S','Vicios pequeños',
         1997,'Vicios pequeños','Francia/Italia',340,90);
INSERT 
  INTO Pelicula (cip,titulo_p,ano_produccion,titulo_s,
       nacionalidad,presupuesto,duracion)
  VALUES ('11111120-S','Vidas rebeldes',
         1997,'Vidas rebeldes','EE.UU',700,105);
INSERT 
  INTO Pelicula (cip,titulo_p,ano_produccion,titulo_s,
       nacionalidad,presupuesto,duracion)
  VALUES ('11111121-S','Virus',1998,'Virus',
         'Italia',650,92);
INSERT 
  INTO Pelicula (cip,titulo_p,ano_produccion,titulo_s,
       nacionalidad,presupuesto,duracion)
  VALUES ('11111122-S','Visita por Navidad',
         1998,'Visita por Navidad','EE.UU',770,87);
INSERT 
  INTO Pelicula (cip,titulo_p,ano_produccion,titulo_s,
       nacionalidad,presupuesto,duracion)
  VALUES ('11111123-S','Volver a empezar',
         1996,'Volver a empezar','Española',650,87);
INSERT 
  INTO Pelicula (cip,titulo_p,ano_produccion,titulo_s,
       nacionalidad,presupuesto,duracion)
  VALUES ('11111124-S','Volverás',1998,'Volverás',
         'EE.UU',550,96);
INSERT 
  INTO Pelicula (cip,titulo_p,ano_produccion,titulo_s,
       nacionalidad,presupuesto,duracion)
  VALUES ('11111125-S','Vuelta al pasado',
         1998,'Vuelta al pasado','EE.UU',800,97);
INSERT 
  INTO Pelicula (cip,titulo_p,ano_produccion,titulo_s,
       nacionalidad,presupuesto,duracion)
  VALUES ('11111126-S','Vuelve la justicia',
         1998,'Vuelve la justicia','EE.UU',1200,88);

-- Se inserta en la tabla Personaje
INSERT 
  INTO Personaje (nombre_persona,nacionalidad_persona,
       sexo_persona)
  VALUES ('Heather Donahue','EE.UU','H');
INSERT 
  INTO Personaje (nombre_persona,nacionalidad_persona,
       sexo_persona)
  VALUES ('Michael C. Williams','EE.UU','H');
INSERT 
  INTO Personaje (nombre_persona,nacionalidad_persona,
       sexo_persona)
  VALUES ('Joely Richardson','EE.UU','M');
INSERT 
  INTO Personaje (nombre_persona,nacionalidad_persona,
       sexo_persona)
  VALUES ('Gary Oldman','EE.UU','H');
INSERT 
  INTO Personaje (nombre_persona,nacionalidad_persona,
       sexo_persona)
  VALUES ('Daniel Myrick','EE.UU','H');
INSERT 
  INTO Personaje (nombre_persona,nacionalidad_persona,
       sexo_persona)
  VALUES ('Euduardo Sánchez','EE.UU','H');
INSERT 
  INTO Personaje (nombre_persona,nacionalidad_persona,
       sexo_persona)
  VALUES ('Arnold Schwarzenegger','EE.UU','M');
INSERT 
  INTO Personaje (nombre_persona,nacionalidad_persona,
       sexo_persona)
  VALUES ('Peter Hyams','EE.UU','H');
INSERT 
  INTO Personaje (nombre_persona,nacionalidad_persona,
       sexo_persona)
  VALUES ('Steve Martin','EE.UU','H');
INSERT 
  INTO Personaje (nombre_persona,nacionalidad_persona,
       sexo_persona)
  VALUES ('Eddie Murphy','EE.UU','');
INSERT 
  INTO Personaje (nombre_persona,nacionalidad_persona,
       sexo_persona)
  VALUES ('Cate Blanchet','G.B','M');
INSERT 
  INTO Personaje (nombre_persona,nacionalidad_persona,
       sexo_persona)
  VALUES ('Julianne Moore','G.B','M');
INSERT 
  INTO Personaje (nombre_persona,nacionalidad_persona,
       sexo_persona)
  VALUES ('Johnny Depp','EE.UU','H');
INSERT 
  INTO Personaje (nombre_persona,nacionalidad_persona,
       sexo_persona)
  VALUES ('Charlize Theron','Francia','M');
INSERT 
  INTO Personaje (nombre_persona,nacionalidad_persona,
       sexo_persona)
  VALUES ('Sean Connery','Scotland','H');
INSERT 
  INTO Personaje (nombre_persona,nacionalidad_persona,
       sexo_persona)
  VALUES ('Gilian Anderson','EE.UU','M');
INSERT 
  INTO Personaje (nombre_persona,nacionalidad_persona,
       sexo_persona)
  VALUES ('Bruce Willis','EE.UU','H');
INSERT 
  INTO Personaje (nombre_persona,nacionalidad_persona,
       sexo_persona)
  VALUES ('S. Bonnaire','EE.UU','M');
INSERT 
  INTO Personaje (nombre_persona,nacionalidad_persona,
       sexo_persona)
  VALUES ('Catherine Deneuve','Francia','M');
INSERT 
  INTO Personaje (nombre_persona,nacionalidad_persona,
       sexo_persona)
  VALUES ('Pierce Brosnan','EE.UU','');
INSERT 
  INTO Personaje (nombre_persona,nacionalidad_persona,
       sexo_persona)
  VALUES ('Sophie Marceau','Belgica','M');
INSERT 
  INTO Personaje (nombre_persona,nacionalidad_persona,
       sexo_persona)
  VALUES ('Kevin Kline','EE.UU','H');
INSERT 
  INTO Personaje (nombre_persona,nacionalidad_persona,
       sexo_persona)
  VALUES ('Michael Pheipher','EE.UU','H');
INSERT 
  INTO Personaje (nombre_persona,nacionalidad_persona,
       sexo_persona)
  VALUES ('Jonh Cusack','EE.UU','H');
INSERT 
  INTO Personaje (nombre_persona,nacionalidad_persona,
       sexo_persona)
  VALUES ('Jay Acovone','EE.UU','H');
INSERT 
  INTO Personaje (nombre_persona,nacionalidad_persona,
       sexo_persona)
  VALUES ('Matt Leblanc','EE.UU','H');
INSERT 
  INTO Personaje (nombre_persona,nacionalidad_persona,
       sexo_persona)
  VALUES ('Zach Galligan','UK','H');
INSERT 
  INTO Personaje (nombre_persona,nacionalidad_persona,
       sexo_persona)
  VALUES ('Michele Laroque','Francia','M');
INSERT 
  INTO Personaje (nombre_persona,nacionalidad_persona,
       sexo_persona)
  VALUES ('Barbara Klopple','EE.UU','M');
INSERT 
  INTO Personaje (nombre_persona,nacionalidad_persona,
       sexo_persona)
  VALUES ('Isaac Hayes','EE.UU','H');
INSERT 
  INTO Personaje (nombre_persona,nacionalidad_persona,
       sexo_persona)
  VALUES ('Richard Lynch','EE.UU','H');
INSERT 
  INTO Personaje (nombre_persona,nacionalidad_persona,
       sexo_persona)
  VALUES ('Barbara Streisand','EE.UU','M');
INSERT 
  INTO Personaje (nombre_persona,nacionalidad_persona,
       sexo_persona)
  VALUES ('Tommy Davidson','EE.UU','H');
INSERT 
  INTO Personaje (nombre_persona,nacionalidad_persona,
       sexo_persona)
  VALUES ('Norman Kaye','EE.UU','H');
INSERT 
  INTO Personaje (nombre_persona,nacionalidad_persona,
       sexo_persona)
  VALUES ('Sandy Core','EE.UU','M');
INSERT 
  INTO Personaje (nombre_persona,nacionalidad_persona,
       sexo_persona)
  VALUES ('Sally Kellerman','EE.UU','M');
INSERT 
  INTO Personaje (nombre_persona,nacionalidad_persona,
       sexo_persona)
  VALUES ('Jodie Foster','EE.UU','M');
INSERT 
  INTO Personaje (nombre_persona,nacionalidad_persona,
       sexo_persona)
  VALUES ('Buba Bayouri','India','H');
INSERT 
  INTO Personaje (nombre_persona,nacionalidad_persona,
       sexo_persona)
  VALUES ('Myra, S. Pierce','EE.UU','M');
INSERT 
  INTO Personaje (nombre_persona,nacionalidad_persona,
       sexo_persona)
  VALUES ('Bernie Pock','EE.UU','H');
INSERT 
  INTO Personaje (nombre_persona,nacionalidad_persona,
       sexo_persona)
  VALUES ('Leo T. Fong','EE.UU','H');
INSERT 
  INTO Personaje (nombre_persona,nacionalidad_persona,
       sexo_persona)
  VALUES ('Martxelo Rubio','Española','H');
INSERT 
  INTO Personaje (nombre_persona,nacionalidad_persona,
       sexo_persona)
  VALUES ('Maribel Verdú','Española','M');
INSERT 
  INTO Personaje (nombre_persona,nacionalidad_persona,
       sexo_persona)
  VALUES ('Jon Donosti','Española','H');
INSERT 
  INTO Personaje (nombre_persona,nacionalidad_persona,
       sexo_persona)
  VALUES ('Montxo Armendáriz','Española','H');
INSERT 
  INTO Personaje (nombre_persona,nacionalidad_persona,
       sexo_persona)
  VALUES ('Charlie Sheen','EE.UU','H');
INSERT 
  INTO Personaje (nombre_persona,nacionalidad_persona,
       sexo_persona)
  VALUES ('Natassja Kinski','Rusa','M');
INSERT 
  INTO Personaje (nombre_persona,nacionalidad_persona,
       sexo_persona)
  VALUES ('Christopher Mcdonald','EE.UU','H');
INSERT 
  INTO Personaje (nombre_persona,nacionalidad_persona,
       sexo_persona)
  VALUES ('Luis G. Berlanga','EE.UU','H');
INSERT 
  INTO Personaje (nombre_persona,nacionalidad_persona,
       sexo_persona)
  VALUES ('Sam Waterston','EE.UU','H');
INSERT 
  INTO Personaje (nombre_persona,nacionalidad_persona,
       sexo_persona)
  VALUES ('Tess Harper','EE.UU','M');

-- Se inserta en la tabla Tarea
INSERT 
  INTO Tarea (tarea,sexo_tarea)
  VALUES ('Productor','N');
INSERT 
  INTO Tarea (tarea,sexo_tarea)
  VALUES ('Actor Principal','H');
INSERT 
  INTO Tarea (tarea,sexo_tarea)
  VALUES ('Actriz Principal','M');
INSERT 
  INTO Tarea (tarea,sexo_tarea)
  VALUES ('Actor Secundario','H');
INSERT 
  INTO Tarea (tarea,sexo_tarea)
  VALUES ('Actriz Secundaria','M');
INSERT 
  INTO Tarea (tarea,sexo_tarea)
  VALUES ('Director','N');

-- Se inserta en la tabla Trabajo
INSERT 
  INTO Trabajo (cip,nombre_persona,tarea)
  VALUES ('11111101-S','Heather Donahue','Actriz Principal');
INSERT 
  INTO Trabajo (cip,nombre_persona,tarea)
  VALUES ('11111101-S','Michael C. Williams','Actor Principal');
INSERT 
  INTO Trabajo (cip,nombre_persona,tarea)
  VALUES ('11111101-S','Daniel Myrick','Productor');
INSERT 
  INTO Trabajo (cip,nombre_persona,tarea)
  VALUES ('11111101-S','Euduardo Sánchez','Director');
INSERT 
  INTO Trabajo (cip,nombre_persona,tarea)
  VALUES ('11111101-S','Joely Richardson','Actor Secundario');
INSERT 
  INTO Trabajo (cip,nombre_persona,tarea)
  VALUES ('11111101-S','Gary Oldman','Actor Secundario');
INSERT 
  INTO Trabajo (cip,nombre_persona,tarea)
  VALUES ('11111101-S','Gary Oldman','Director');
INSERT 
  INTO Trabajo (cip,nombre_persona,tarea)
  VALUES ('11111102-S','Kevin Kline','Actor Principal');
INSERT 
  INTO Trabajo (cip,nombre_persona,tarea)
  VALUES ('11111102-S','Matt Leblanc','Director');
INSERT 
  INTO Trabajo (cip,nombre_persona,tarea)
  VALUES ('11111102-S','Michael C. Williams','Productor');
INSERT 
  INTO Trabajo (cip,nombre_persona,tarea)
  VALUES ('11111102-S','Michael Pheipher','Actriz Principal');
INSERT 
  INTO Trabajo (cip,nombre_persona,tarea)
  VALUES ('11111102-S','Michele Laroque','Actriz Secundaria');
INSERT 
  INTO Trabajo (cip,nombre_persona,tarea)
  VALUES ('11111103-S','Arnold Schwarzenegger','Actor Principal');
INSERT 
  INTO Trabajo (cip,nombre_persona,tarea)
  VALUES ('11111103-S','Barbara Klopple','Actriz Principal');
INSERT 
  INTO Trabajo (cip,nombre_persona,tarea)
  VALUES ('11111103-S','Cate Blanchet','Actriz Secundaria');
INSERT 
  INTO Trabajo (cip,nombre_persona,tarea)
  VALUES ('11111103-S','Daniel Myrick','Actor Secundario');
INSERT 
  INTO Trabajo (cip,nombre_persona,tarea)
  VALUES ('11111103-S','Gary Oldman','Director');
INSERT 
  INTO Trabajo (cip,nombre_persona,tarea)
  VALUES ('11111103-S','Zach Galligan','Productor');
INSERT 
  INTO Trabajo (cip,nombre_persona,tarea)
  VALUES ('11111104-S','Barbara Streisand','Actriz Principal');
INSERT 
  INTO Trabajo (cip,nombre_persona,tarea)
  VALUES ('11111104-S','Bruce Willis','Actor Principal');
INSERT 
  INTO Trabajo (cip,nombre_persona,tarea)
  VALUES ('11111104-S','Buba Bayouri','Actor Secundario');
INSERT 
  INTO Trabajo (cip,nombre_persona,tarea)
  VALUES ('11111104-S','Catherine Deneuve','Director');
INSERT 
  INTO Trabajo (cip,nombre_persona,tarea)
  VALUES ('11111104-S','Zach Galligan','Productor');
INSERT 
  INTO Trabajo (cip,nombre_persona,tarea)
  VALUES ('11111105-S','Charlize Theron','Actriz Secundaria');
INSERT 
  INTO Trabajo (cip,nombre_persona,tarea)
  VALUES ('11111105-S','Eddie Murphy','Actor Principal');
INSERT 
  INTO Trabajo (cip,nombre_persona,tarea)
  VALUES ('11111105-S','Euduardo Sánchez','Actor Secundario');
INSERT 
  INTO Trabajo (cip,nombre_persona,tarea)
  VALUES ('11111105-S','Gilian Anderson','Actriz Principal');
INSERT 
  INTO Trabajo (cip,nombre_persona,tarea)
  VALUES ('11111105-S','Heather Donahue','Director');
INSERT 
  INTO Trabajo (cip,nombre_persona,tarea)
  VALUES ('11111105-S','Isaac Hayes','Productor');
INSERT 
  INTO Trabajo (cip,nombre_persona,tarea)
  VALUES ('11111106-S','Gilian Anderson','Actriz Principal');
INSERT 
  INTO Trabajo (cip,nombre_persona,tarea)
  VALUES ('11111106-S','Jay Acovone','Director');
INSERT 
  INTO Trabajo (cip,nombre_persona,tarea)
  VALUES ('11111106-S','Jodie Foster','Actriz Principal');
INSERT 
  INTO Trabajo (cip,nombre_persona,tarea)
  VALUES ('11111106-S','Joely Richardson','Productor');
INSERT 
  INTO Trabajo (cip,nombre_persona,tarea)
  VALUES ('11111107-S','Johnny Depp','Actor Principal');
INSERT 
  INTO Trabajo (cip,nombre_persona,tarea)
  VALUES ('11111107-S','Jonh Cusack','Actor Principal');
INSERT 
  INTO Trabajo (cip,nombre_persona,tarea)
  VALUES ('11111107-S','Julianne Moore','Actriz Secundaria');
INSERT 
  INTO Trabajo (cip,nombre_persona,tarea)
  VALUES ('11111107-S','Jay Acovone','Director');
INSERT 
  INTO Trabajo (cip,nombre_persona,tarea)
  VALUES ('11111107-S','Isaac Hayes','Productor');
INSERT 
  INTO Trabajo (cip,nombre_persona,tarea)
  VALUES ('11111108-S','Norman Kaye','Actor Secundario');
INSERT 
  INTO Trabajo (cip,nombre_persona,tarea)
  VALUES ('11111108-S','Peter Hyams','Actor Secundario');
INSERT 
  INTO Trabajo (cip,nombre_persona,tarea)
  VALUES ('11111108-S','Pierce Brosnan','Actor Principal');
INSERT 
  INTO Trabajo (cip,nombre_persona,tarea)
  VALUES ('11111108-S','Richard Lynch','Director');
INSERT 
  INTO Trabajo (cip,nombre_persona,tarea)
  VALUES ('11111108-S','S. Bonnaire','Productor');
INSERT 
  INTO Trabajo (cip,nombre_persona,tarea)
  VALUES ('11111109-S','Sandy Core','Actor Secundario');
INSERT 
  INTO Trabajo (cip,nombre_persona,tarea)
  VALUES ('11111109-S','Sean Connery','Actor Principal');
INSERT 
  INTO Trabajo (cip,nombre_persona,tarea)
  VALUES ('11111109-S','Gary Oldman','Director');
INSERT 
  INTO Trabajo (cip,nombre_persona,tarea)
  VALUES ('11111109-S','Zach Galligan','Productor');
INSERT 
  INTO Trabajo (cip,nombre_persona,tarea)
  VALUES ('11111110-S','Sally Kellerman','Actriz Principal');
INSERT 
  INTO Trabajo (cip,nombre_persona,tarea)
  VALUES ('11111110-S','Sophie Marceau','Actriz Secundaria');
INSERT 
  INTO Trabajo (cip,nombre_persona,tarea)
  VALUES ('11111110-S','Matt Leblanc','Director');
INSERT 
  INTO Trabajo (cip,nombre_persona,tarea)
  VALUES ('11111110-S','Joely Richardson','Productor');
INSERT 
  INTO Trabajo (cip,nombre_persona,tarea)
  VALUES ('11111111-S','Steve Martin','Actor Principal');
INSERT 
  INTO Trabajo (cip,nombre_persona,tarea)
  VALUES ('11111111-S','Tommy Davidson','Actor Secundario');
INSERT 
  INTO Trabajo (cip,nombre_persona,tarea)
  VALUES ('11111111-S','Heather Donahue','Actriz Secundaria');
INSERT 
  INTO Trabajo (cip,nombre_persona,tarea)
  VALUES ('11111111-S','Jay Acovone','Director');
INSERT 
  INTO Trabajo (cip,nombre_persona,tarea)
  VALUES ('11111111-S','Richard Lynch','Productor');
INSERT 
  INTO Trabajo (cip,nombre_persona,tarea)
  VALUES ('11111111-S','Isaac Hayes','Director');
INSERT 
  INTO Trabajo (cip,nombre_persona,tarea)
  VALUES ('11111111-S','S. Bonnaire','Productor');
INSERT 
  INTO Trabajo (cip,nombre_persona,tarea)
  VALUES ('11111112-S','Arnold Schwarzenegger','Actor Principal');
INSERT 
  INTO Trabajo (cip,nombre_persona,tarea)
  VALUES ('11111112-S','Kevin Kline','Actor Principal');
INSERT 
  INTO Trabajo (cip,nombre_persona,tarea)
  VALUES ('11111112-S','Barbara Klopple','Actriz Secundaria');
INSERT 
  INTO Trabajo (cip,nombre_persona,tarea)
  VALUES ('11111112-S','Michael Pheipher','Actriz Secundaria');
INSERT 
  INTO Trabajo (cip,nombre_persona,tarea)
  VALUES ('11111112-S','Gary Oldman','Director');
INSERT 
  INTO Trabajo (cip,nombre_persona,tarea)
  VALUES ('11111112-S','Jay Acovone','Director');
INSERT 
  INTO Trabajo (cip,nombre_persona,tarea)
  VALUES ('11111112-S','Buba Bayouri','Actor Secundario');
INSERT 
  INTO Trabajo (cip,nombre_persona,tarea)
  VALUES ('11111112-S','Norman Kaye','Actor Secundario');
INSERT 
  INTO Trabajo (cip,nombre_persona,tarea)
  VALUES ('11111112-S','Cate Blanchet','Actriz Principal');
INSERT 
  INTO Trabajo (cip,nombre_persona,tarea)
  VALUES ('11111112-S','Julianne Moore','Actriz Secundaria');
INSERT 
  INTO Trabajo (cip,nombre_persona,tarea)
  VALUES ('11111112-S','Zach Galligan','Productor');
INSERT 
  INTO Trabajo (cip,nombre_persona,tarea)
  VALUES ('11111112-S','Isaac Hayes','Productor');
INSERT 
  INTO Trabajo (cip,nombre_persona,tarea)
  VALUES ('11111112-S','Daniel Myrick','Actor Secundario');
INSERT 
  INTO Trabajo (cip,nombre_persona,tarea)
  VALUES ('11111113-S','Myra, S. Pierce','Actor Principal');
INSERT 
  INTO Trabajo (cip,nombre_persona,tarea)
  VALUES ('11111113-S','Bernie Pock','Actor Secundario');
INSERT 
  INTO Trabajo (cip,nombre_persona,tarea)
  VALUES ('11111113-S','Charlie Sheen','Actor Principal');
INSERT 
  INTO Trabajo (cip,nombre_persona,tarea)
  VALUES ('11111113-S','Gary Oldman','Director');
INSERT 
  INTO Trabajo (cip,nombre_persona,tarea)
  VALUES ('11111113-S','Zach Galligan','Productor');
INSERT 
  INTO Trabajo (cip,nombre_persona,tarea)
  VALUES ('11111113-S','Isaac Hayes','Productor');
INSERT 
  INTO Trabajo (cip,nombre_persona,tarea)
  VALUES ('11111114-S','Martxelo Rubio','Actor Principal');
INSERT 
  INTO Trabajo (cip,nombre_persona,tarea)
  VALUES ('11111114-S','Maribel Verdú','Actriz Principal');
INSERT 
  INTO Trabajo (cip,nombre_persona,tarea)
  VALUES ('11111114-S','Jon Donosti','Actor Secundario');
INSERT 
  INTO Trabajo (cip,nombre_persona,tarea)
  VALUES ('11111114-S','Montxo Armendáriz','Director');
INSERT 
  INTO Trabajo (cip,nombre_persona,tarea)
  VALUES ('11111114-S','Zach Galligan','Productor');
INSERT 
  INTO Trabajo (cip,nombre_persona,tarea)
  VALUES ('11111115-S','Leo T. Fong','Actor Secundario');
INSERT 
  INTO Trabajo (cip,nombre_persona,tarea)
  VALUES ('11111115-S','Natassja Kinski','Actriz Principal');
INSERT 
  INTO Trabajo (cip,nombre_persona,tarea)
  VALUES ('11111115-S','Luis G. Berlanga','Actor Secundario');
INSERT 
  INTO Trabajo (cip,nombre_persona,tarea)
  VALUES ('11111115-S','S. Bonnaire','Director');
INSERT 
  INTO Trabajo (cip,nombre_persona,tarea)
  VALUES ('11111115-S','Zach Galligan','Productor');
INSERT 
  INTO Trabajo (cip,nombre_persona,tarea)
  VALUES ('11111116-S','Christopher Mcdonald','Actor Principal');
INSERT 
  INTO Trabajo (cip,nombre_persona,tarea)
  VALUES ('11111116-S','Sam Waterston','Actor Secundario');
INSERT 
  INTO Trabajo (cip,nombre_persona,tarea)
  VALUES ('11111116-S','Tess Harper','Actriz Secundaria');
INSERT 
  INTO Trabajo (cip,nombre_persona,tarea)
  VALUES ('11111116-S','Jay Acovone','Director');
INSERT 
  INTO Trabajo (cip,nombre_persona,tarea)
  VALUES ('11111116-S','Joely Richardson','Productor');
INSERT 
  INTO Trabajo (cip,nombre_persona,tarea)
  VALUES ('11111117-S','Arnold Schwarzenegger','Actor Principal');
INSERT 
  INTO Trabajo (cip,nombre_persona,tarea)
  VALUES ('11111117-S','Peter Hyams','Actor Secundario');
INSERT 
  INTO Trabajo (cip,nombre_persona,tarea)
  VALUES ('11111117-S','Eddie Murphy','Actor Principal');
INSERT 
  INTO Trabajo (cip,nombre_persona,tarea)
  VALUES ('11111117-S','Julianne Moore','Actor Secundario');
INSERT 
  INTO Trabajo (cip,nombre_persona,tarea)
  VALUES ('11111117-S','Jay Acovone','Director');
INSERT 
  INTO Trabajo (cip,nombre_persona,tarea)
  VALUES ('11111117-S','Gary Oldman','Director');
INSERT 
  INTO Trabajo (cip,nombre_persona,tarea)
  VALUES ('11111117-S','Richard Lynch','Productor');
INSERT 
  INTO Trabajo (cip,nombre_persona,tarea)
  VALUES ('11111117-S','S. Bonnaire','Productor');
INSERT 
  INTO Trabajo (cip,nombre_persona,tarea)
  VALUES ('11111117-S','Zach Galligan','Productor');
INSERT 
  INTO Trabajo (cip,nombre_persona,tarea)
  VALUES ('11111118-S','Tess Harper','Actriz Secundaria');
INSERT 
  INTO Trabajo (cip,nombre_persona,tarea)
  VALUES ('11111118-S','Sam Waterston','Actor Secundario');
INSERT 
  INTO Trabajo (cip,nombre_persona,tarea)
  VALUES ('11111118-S','Luis G. Berlanga','Actor Principal');
INSERT 
  INTO Trabajo (cip,nombre_persona,tarea)
  VALUES ('11111118-S','Christopher Mcdonald',
         'Actriz Secundaria');
INSERT 
  INTO Trabajo (cip,nombre_persona,tarea)
  VALUES ('11111118-S','Natassja Kinski','Actriz Principal');
INSERT 
  INTO Trabajo (cip,nombre_persona,tarea)
  VALUES ('11111118-S','Matt Leblanc','Director');
INSERT 
  INTO Trabajo (cip,nombre_persona,tarea)
  VALUES ('11111118-S','Matt Leblanc','Actor Principal');
INSERT 
  INTO Trabajo (cip,nombre_persona,tarea)
  VALUES ('11111118-S','Michael C. Williams','Productor');
INSERT 
  INTO Trabajo (cip,nombre_persona,tarea)
  VALUES ('11111119-S','Maribel Verdú','Actriz Principal');
INSERT 
  INTO Trabajo (cip,nombre_persona,tarea)
  VALUES ('11111119-S','Martxelo Rubio','Actor Secundario');
INSERT 
  INTO Trabajo (cip,nombre_persona,tarea)
  VALUES ('11111119-S','Leo T. Fong','Actor Secundario');
INSERT 
  INTO Trabajo (cip,nombre_persona,tarea)
  VALUES ('11111119-S','Bernie Pock','Actor Principal');
INSERT 
  INTO Trabajo (cip,nombre_persona,tarea)
  VALUES ('11111119-S','Myra, S. Pierce','Director');
INSERT 
  INTO Trabajo (cip,nombre_persona,tarea)
  VALUES ('11111119-S','Richard Lynch','Director');
INSERT 
  INTO Trabajo (cip,nombre_persona,tarea)
  VALUES ('11111119-S','Zach Galligan','Productor');
INSERT 
  INTO Trabajo (cip,nombre_persona,tarea)
  VALUES ('11111120-S','Sam Waterston','Actor Principal');
INSERT 
  INTO Trabajo (cip,nombre_persona,tarea)
  VALUES ('11111120-S','Luis G. Berlanga','Actor Secundario');
INSERT 
  INTO Trabajo (cip,nombre_persona,tarea)
  VALUES ('11111120-S','Christopher Mcdonald','Actor Secundario');
INSERT 
  INTO Trabajo (cip,nombre_persona,tarea)
  VALUES ('11111120-S','Montxo Armendáriz','Director');
INSERT 
  INTO Trabajo (cip,nombre_persona,tarea)
  VALUES ('11111120-S','Zach Galligan','Productor');
INSERT 
  INTO Trabajo (cip,nombre_persona,tarea)
  VALUES ('11111121-S','Charlie Sheen','Actor Principal');
INSERT 
  INTO Trabajo (cip,nombre_persona,tarea)
  VALUES ('11111121-S','Jon Donosti','Actor Secundario');
INSERT 
  INTO Trabajo (cip,nombre_persona,tarea)
  VALUES ('11111121-S','Maribel Verdú','Actriz Principal');
INSERT 
  INTO Trabajo (cip,nombre_persona,tarea)
  VALUES ('11111121-S','Jay Acovone','Director');
INSERT 
  INTO Trabajo (cip,nombre_persona,tarea)
  VALUES ('11111121-S','Joely Richardson','Productor');
INSERT 
  INTO Trabajo (cip,nombre_persona,tarea)
  VALUES ('11111122-S','Peter Hyams','Actor Secundario');
INSERT 
  INTO Trabajo (cip,nombre_persona,tarea)
  VALUES ('11111122-S','Arnold Schwarzenegger','Actor Principal');
INSERT 
  INTO Trabajo (cip,nombre_persona,tarea)
  VALUES ('11111122-S','Johnny Depp','Actor Principal');
INSERT 
  INTO Trabajo (cip,nombre_persona,tarea)
  VALUES ('11111122-S','Jonh Cusack','Actor Principal');
INSERT 
  INTO Trabajo (cip,nombre_persona,tarea)
  VALUES ('11111122-S','Michael Pheipher','Actriz Principal');
INSERT 
  INTO Trabajo (cip,nombre_persona,tarea)
  VALUES ('11111122-S','Isaac Hayes','Productor');
INSERT 
  INTO Trabajo (cip,nombre_persona,tarea)
  VALUES ('11111122-S','Jay Acovone','Director');
INSERT 
  INTO Trabajo (cip,nombre_persona,tarea)
  VALUES ('11111123-S','Barbara Streisand','Actriz Principal');
INSERT 
  INTO Trabajo (cip,nombre_persona,tarea)
  VALUES ('11111123-S','Barbara Klopple','Actriz Principal');
INSERT 
  INTO Trabajo (cip,nombre_persona,tarea)
  VALUES ('11111123-S','Michele Laroque','Director');
INSERT 
  INTO Trabajo (cip,nombre_persona,tarea)
  VALUES ('11111123-S','Julianne Moore','Productor');
INSERT 
  INTO Trabajo (cip,nombre_persona,tarea)
  VALUES ('11111124-S','Sean Connery','Actor Principal');
INSERT 
  INTO Trabajo (cip,nombre_persona,tarea)
  VALUES ('11111124-S','Tess Harper','Actriz Principal');
INSERT 
  INTO Trabajo (cip,nombre_persona,tarea)
  VALUES ('11111124-S','Sam Waterston','Actor Secundario');
INSERT 
  INTO Trabajo (cip,nombre_persona,tarea)
  VALUES ('11111124-S','Luis G. Berlanga','Director');
INSERT 
  INTO Trabajo (cip,nombre_persona,tarea)
  VALUES ('11111124-S','Christopher Mcdonald','Productor');
INSERT 
  INTO Trabajo (cip,nombre_persona,tarea)
  VALUES ('11111125-S','Bruce Willis','Actor Principal');
INSERT 
  INTO Trabajo (cip,nombre_persona,tarea)
  VALUES ('11111125-S','Gilian Anderson','Actriz Principal');
INSERT 
  INTO Trabajo (cip,nombre_persona,tarea)
  VALUES ('11111125-S','Sean Connery','Actor Secundario');
INSERT 
  INTO Trabajo (cip,nombre_persona,tarea)
  VALUES ('11111125-S','Buba Bayouri','Actor Secundario');
INSERT 
  INTO Trabajo (cip,nombre_persona,tarea)
  VALUES ('11111125-S','Jodie Foster','Actriz Secundaria');
INSERT 
  INTO Trabajo (cip,nombre_persona,tarea)
  VALUES ('11111125-S','Sally Kellerman','Director');
INSERT 
  INTO Trabajo (cip,nombre_persona,tarea)
  VALUES ('11111125-S','Heather Donahue','Director');
INSERT 
  INTO Trabajo (cip,nombre_persona,tarea)
  VALUES ('11111125-S','Isaac Hayes','Productor');
INSERT 
  INTO Trabajo (cip,nombre_persona,tarea)
  VALUES ('11111126-S','Pierce Brosnan','Actor Principal');
INSERT 
  INTO Trabajo (cip,nombre_persona,tarea)
  VALUES ('11111126-S','Catherine Deneuve','Actriz Principal');
INSERT 
  INTO Trabajo (cip,nombre_persona,tarea)
  VALUES ('11111126-S','Luis G. Berlanga','Director');
INSERT 
  INTO Trabajo (cip,nombre_persona,tarea)
  VALUES ('11111126-S','Isaac Hayes','Productor');
INSERT 
  INTO Trabajo (cip,nombre_persona,tarea)
  VALUES ('11111126-S','Zach Galligan','Productor');




-- Se inserta en la tabla Cine
INSERT 
  INTO Cine (cine,ciudad_cine,direccion_cine)
  VALUES('Cine Monterrey','El Paso','Centro Comercial Dino');
INSERT 
  INTO Cine (cine,ciudad_cine,direccion_cine)
  VALUES('Cine Teatro Chico','S/C de La Palma','Diaz Pimienta, 1');
INSERT 
  INTO Cine (cine,ciudad_cine,direccion_cine)
  VALUES('Cine Tazacorte','Tazacorte','Centro Comercial Bagañete');
INSERT 
  INTO Cine (cine,ciudad_cine,direccion_cine)
  VALUES('Multicines Avenida','S/C de La Palma','Avda. El Puente, 54');
INSERT 
  INTO Cine (cine,ciudad_cine,direccion_cine)
  VALUES('Cine Los Sauces','San Andrés y Sauces','Centro Cormercil El Ñame');
INSERT 
  INTO Cine (cine,ciudad_cine,direccion_cine)
  VALUES('Multicines Millennium','Los Llanos de Aridane','Ramon Poll s/n');

-- Se inserta en la tabla Sala
INSERT 
  INTO Sala (cine,sala,aforo)
  VALUES ('Cine Monterrey',1,50);
INSERT 
  INTO Sala (cine,sala,aforo)
  VALUES ('Cine Monterrey',2,60);
INSERT 
  INTO Sala (cine,sala,aforo)
  VALUES ('Cine Monterrey',3,70);
INSERT 
  INTO Sala (cine,sala,aforo)
  VALUES ('Cine Monterrey',4,250);
INSERT 
  INTO Sala (cine,sala,aforo)
  VALUES ('Cine Monterrey',5,250);
INSERT 
  INTO Sala (cine,sala,aforo)
  VALUES ('Cine Teatro Chico',1,120);
INSERT 
  INTO Sala (cine,sala,aforo)
  VALUES ('Cine Teatro Chico',2,120);
INSERT 
  INTO Sala (cine,sala,aforo)
  VALUES ('Cine Teatro Chico',3,120);
INSERT 
  INTO Sala (cine,sala,aforo)
  VALUES ('Cine Teatro Chico',4,120);
INSERT 
  INTO Sala (cine,sala,aforo)
  VALUES ('Cine Teatro Chico',5,120);
INSERT 
  INTO Sala (cine,sala,aforo)
  VALUES ('Cine Tazacorte',1,90);
INSERT 
  INTO Sala (cine,sala,aforo)
  VALUES ('Cine Tazacorte',2,80);
INSERT 
  INTO Sala (cine,sala,aforo)
  VALUES ('Cine Tazacorte',3,120);
INSERT 
  INTO Sala (cine,sala,aforo)
  VALUES ('Cine Tazacorte',4,130);
INSERT 
  INTO Sala (cine,sala,aforo)
  VALUES ('Cine Tazacorte',5,140);
INSERT 
  INTO Sala (cine,sala,aforo)
  VALUES ('Multicines Avenida',1,100);
INSERT 
  INTO Sala (cine,sala,aforo)
  VALUES ('Multicines Avenida',2,100);
INSERT 
  INTO Sala (cine,sala,aforo)
  VALUES ('Multicines Avenida',3,120);
INSERT 
  INTO Sala (cine,sala,aforo)
  VALUES ('Multicines Avenida',4,120);
INSERT 
  INTO Sala (cine,sala,aforo)
  VALUES ('Multicines Avenida',5,300);
INSERT 
  INTO Sala (cine,sala,aforo)
  VALUES ('Cine Los Sauces',1,100);
INSERT 
  INTO Sala (cine,sala,aforo)
  VALUES ('Cine Los Sauces',2,120);
INSERT 
  INTO Sala (cine,sala,aforo)
  VALUES ('Cine Los Sauces',3,120);
INSERT 
  INTO Sala (cine,sala,aforo)
  VALUES ('Cine Los Sauces',4,125);
INSERT 
  INTO Sala (cine,sala,aforo)
  VALUES ('Cine Los Sauces',5,125);
INSERT 
  INTO Sala (cine,sala,aforo)
  VALUES ('Multicines Millennium',1,150);
INSERT 
  INTO Sala (cine,sala,aforo)
  VALUES ('Multicines Millennium',2,150);
INSERT 
  INTO Sala (cine,sala,aforo)
  VALUES ('Multicines Millennium',3,150);
INSERT 
  INTO Sala (cine,sala,aforo)
  VALUES ('Multicines Millennium',4,150);
INSERT 
  INTO Sala (cine,sala,aforo)
  VALUES ('Multicines Millennium',5,150);

-- Se inserta en la tabla Proyeccion
INSERT 
  INTO Proyeccion (cine,sala,cip,fecha_estreno,
       dias_estreno,espectadores,recaudacion)
  VALUES ('Cine Monterrey',1,'11111102-S', '1995-09-21',10,5000,2500000);

  
INSERT 
  INTO Proyeccion (cine,sala,cip,fecha_estreno,
       dias_estreno,espectadores,recaudacion)
  VALUES ('Cine Monterrey',2,'11111102-S', '1995-10-01',10,9000,4500000);
INSERT 
  INTO Proyeccion (cine,sala,cip,fecha_estreno,
       dias_estreno,espectadores,recaudacion)
  VALUES ('Cine Teatro Chico',1,'11111102-S', '1995-09-21',10,5000,2500000);
INSERT 
  INTO Proyeccion (cine,sala,cip,fecha_estreno,
       dias_estreno,espectadores,recaudacion)
  VALUES ('Multicines Avenida',1,'11111102-S', '1995-09-21',5,2000,1000000);
INSERT 
  INTO Proyeccion (cine,sala,cip,fecha_estreno,
       dias_estreno,espectadores,recaudacion)
  VALUES ('Multicines Avenida',2,'11111102-S', '1995-09-26',10,5000,2500000);
INSERT 
  INTO Proyeccion (cine,sala,cip,fecha_estreno,
       dias_estreno,espectadores,recaudacion)
  VALUES ('Cine Los Sauces',1,'11111102-S','1995-09-21',8,2000,1000000);
INSERT 
  INTO Proyeccion (cine,sala,cip,fecha_estreno,
       dias_estreno,espectadores,recaudacion)
  VALUES ('Cine Los Sauces',2,'11111102-S','1995-09-29',10,5000,2500000);
INSERT 
  INTO Proyeccion (cine,sala,cip,fecha_estreno,
       dias_estreno,espectadores,recaudacion)
  VALUES ('Multicines Millennium',1,'11111102-S','1995-09-21',6,3000,2000000);
INSERT 
  INTO Proyeccion (cine,sala,cip,fecha_estreno,
       dias_estreno,espectadores,recaudacion)
  VALUES ('Multicines Millennium',2,'11111102-S','1995-09-27',10,5000,2500000);
INSERT 
  INTO Proyeccion (cine,sala,cip,fecha_estreno,
       dias_estreno,espectadores,recaudacion)
  VALUES ('Cine Tazacorte',1,'11111102-S','1995-09-21',8,2000,1000000);
INSERT 
  INTO Proyeccion (cine,sala,cip,fecha_estreno,
       dias_estreno,espectadores,recaudacion)
  VALUES ('Cine Tazacorte',2,'11111102-S','1995-09-29',10,5000,2500000);
INSERT 
  INTO Proyeccion (cine,sala,cip,fecha_estreno,
       dias_estreno,espectadores,recaudacion)
  VALUES ('Cine Monterrey',1,'11111113-S','1995-09-21',4,1000,500000);
INSERT 
  INTO Proyeccion (cine,sala,cip,fecha_estreno,
       dias_estreno,espectadores,recaudacion)
  VALUES ('Cine Monterrey',2,'11111113-S','1996-09-21',15,2000,1000000);
INSERT 
  INTO Proyeccion (cine,sala,cip,fecha_estreno,
       dias_estreno,espectadores,recaudacion)
  VALUES ('Cine Monterrey',2,'11111114-S','1996-09-22',7,4000,2000000);
INSERT 
  INTO Proyeccion (cine,sala,cip,fecha_estreno,
       dias_estreno,espectadores,recaudacion)
  VALUES ('Cine Monterrey',3,'11111114-S','1996-09-29',10,5000,2500000);
INSERT 
  INTO Proyeccion (cine,sala,cip,fecha_estreno,
       dias_estreno,espectadores,recaudacion)
  VALUES ('Cine Monterrey',4,'11111115-S','1996-09-22',8,2000,1000000);
INSERT 
  INTO Proyeccion (cine,sala,cip,fecha_estreno,
       dias_estreno,espectadores,recaudacion)
  VALUES ('Cine Monterrey',5,'11111116-S','1996-09-22',9,6000,3000000);
INSERT 
  INTO Proyeccion (cine,sala,cip,fecha_estreno,
       dias_estreno,espectadores,recaudacion)
  VALUES ('Cine Monterrey',5,'11111123-S','1996-10-01',15,9000,6000000);
INSERT 
  INTO Proyeccion (cine,sala,cip,fecha_estreno,
       dias_estreno,espectadores,recaudacion)
  VALUES ('Cine Teatro Chico',1,'11111113-S','1996-09-21',10,5000,2500000);
INSERT 
  INTO Proyeccion (cine,sala,cip,fecha_estreno,
       dias_estreno,espectadores,recaudacion)
  VALUES ('Cine Teatro Chico',2,'11111114-S','1996-09-21',12,7000,5000000);
INSERT 
  INTO Proyeccion (cine,sala,cip,fecha_estreno,
       dias_estreno,espectadores,recaudacion)
  VALUES ('Cine Teatro Chico',3,'11111115-S','1996-09-22',13,6000,4000000);
INSERT 
  INTO Proyeccion (cine,sala,cip,fecha_estreno,
       dias_estreno,espectadores,recaudacion)
  VALUES ('Cine Teatro Chico',4,'11111116-S','1996-09-22',10,5000,2500000);
INSERT 
  INTO Proyeccion (cine,sala,cip,fecha_estreno,
       dias_estreno,espectadores,recaudacion)
  VALUES ('Cine Teatro Chico',5,'11111123-S','1996-09-22',11,4000,3000000);
INSERT 
  INTO Proyeccion (cine,sala,cip,fecha_estreno,
       dias_estreno,espectadores,recaudacion)
  VALUES ('Multicines Avenida',1,'11111113-S','1996-09-21',23,4400,7000000);
INSERT 
  INTO Proyeccion (cine,sala,cip,fecha_estreno,
       dias_estreno,espectadores,recaudacion)
  VALUES ('Multicines Avenida',2,'11111114-S','1996-09-21',11,4000,3000000);
INSERT 
  INTO Proyeccion (cine,sala,cip,fecha_estreno,
       dias_estreno,espectadores,recaudacion)
  VALUES ('Multicines Avenida',3,'11111115-S','1996-09-22',12,7000,5000000);
INSERT 
  INTO Proyeccion (cine,sala,cip,fecha_estreno,
       dias_estreno,espectadores,recaudacion)
  VALUES ('Multicines Avenida',4,'11111116-S','1996-09-22',10,5000,2500000);
INSERT 
  INTO Proyeccion (cine,sala,cip,fecha_estreno,
       dias_estreno,espectadores,recaudacion)
  VALUES ('Multicines Avenida',5,'11111123-S','1996-09-22',30,5000,3000000);
INSERT 
  INTO Proyeccion (cine,sala,cip,fecha_estreno,
       dias_estreno,espectadores,recaudacion)
  VALUES ('Cine Los Sauces',1,'11111113-S','1996-09-21',10,5000,2500000);
INSERT 
  INTO Proyeccion (cine,sala,cip,fecha_estreno,
       dias_estreno,espectadores,recaudacion)
  VALUES ('Cine Los Sauces',1,'11111114-S','1996-09-21',11,4000,3000000);
INSERT 
  INTO Proyeccion (cine,sala,cip,fecha_estreno,
       dias_estreno,espectadores,recaudacion)
  VALUES ('Cine Los Sauces',2,'11111114-S','1996-10-04',16,3000,2000000);
INSERT 
  INTO Proyeccion (cine,sala,cip,fecha_estreno,
       dias_estreno,espectadores,recaudacion)
  VALUES ('Cine Los Sauces',2,'11111115-S','1996-09-22',15,2000,1000000);
INSERT 
  INTO Proyeccion (cine,sala,cip,fecha_estreno,
       dias_estreno,espectadores,recaudacion)
  VALUES ('Cine Los Sauces',3,'11111115-S','1996-10-08',10,5000,2500000);
INSERT 
  INTO Proyeccion (cine,sala,cip,fecha_estreno,
       dias_estreno,espectadores,recaudacion)
  VALUES ('Cine Los Sauces',3,'11111116-S','1996-09-22',14,1000,500000);
INSERT 
  INTO Proyeccion (cine,sala,cip,fecha_estreno,
       dias_estreno,espectadores,recaudacion)
  VALUES ('Cine Los Sauces',4,'11111116-S','1996-10-10',13,6000,4000000);
INSERT 
  INTO Proyeccion (cine,sala,cip,fecha_estreno,
       dias_estreno,espectadores,recaudacion)
  VALUES ('Cine Los Sauces',4,'11111123-S','1996-09-22',12,7000,5000000);
INSERT 
  INTO Proyeccion (cine,sala,cip,fecha_estreno,
       dias_estreno,espectadores,recaudacion)
  VALUES ('Cine Los Sauces',5,'11111123-S', '1996-12-10',13,6000,4000000);
INSERT 
  INTO Proyeccion (cine,sala,cip,fecha_estreno,
       dias_estreno,espectadores,recaudacion)
  VALUES ('Multicines Millennium',1,'11111114-S','1996-09-21',10,5000,2500000);
INSERT 
  INTO Proyeccion (cine,sala,cip,fecha_estreno,
       dias_estreno,espectadores,recaudacion)
  VALUES ('Multicines Millennium',2,'11111113-S', '1996-09-21',11,4000,3000000);
INSERT 
  INTO Proyeccion (cine,sala,cip,fecha_estreno,
       dias_estreno,espectadores,recaudacion)
  VALUES ('Multicines Millennium',3,'11111115-S', '1996-09-22',13,6000,4000000);
INSERT 
  INTO Proyeccion (cine,sala,cip,fecha_estreno,
       dias_estreno,espectadores,recaudacion)
  VALUES ('Multicines Millennium',4,'11111116-S', '1996-09-22',12,7000,5000000);
INSERT 
  INTO Proyeccion (cine,sala,cip,fecha_estreno,
       dias_estreno,espectadores,recaudacion)
  VALUES ('Multicines Millennium',5,'11111123-S','1996-09-22',10,5000,2500000);
INSERT 
  INTO Proyeccion (cine,sala,cip,fecha_estreno,
       dias_estreno,espectadores,recaudacion)
  VALUES ('Cine Tazacorte',1,'11111113-S', '1996-09-21',11,4000,3000000);
INSERT 
  INTO Proyeccion (cine,sala,cip,fecha_estreno,
       dias_estreno,espectadores,recaudacion)
  VALUES ('Cine Tazacorte',2,'11111115-S','1996-09-22',11,4000,3000000);
INSERT 
  INTO Proyeccion (cine,sala,cip,fecha_estreno,
       dias_estreno,espectadores,recaudacion)
  VALUES ('Cine Tazacorte',3,'11111114-S', '1996-09-21',12,7000,5000000);
INSERT 
  INTO Proyeccion (cine,sala,cip,fecha_estreno,
       dias_estreno,espectadores,recaudacion)
  VALUES ('Cine Tazacorte',4,'11111116-S','1996-09-22',13,6000,4000000);
INSERT 
  INTO Proyeccion (cine,sala,cip,fecha_estreno,
       dias_estreno,espectadores,recaudacion)
  VALUES ('Cine Tazacorte',5,'11111123-S','1996-09-22',13,6000,4000000);
INSERT 
  INTO Proyeccion (cine,sala,cip,fecha_estreno,
       dias_estreno,espectadores,recaudacion)
  VALUES ('Cine Monterrey',1,'11111106-S','1997-09-22',11,4000,3000000);
INSERT 
  INTO Proyeccion (cine,sala,cip,fecha_estreno,
       dias_estreno,espectadores,recaudacion)
  VALUES ('Cine Monterrey',2,'11111117-S','1997-09-22',12,7000,5000000);
INSERT 
  INTO Proyeccion (cine,sala,cip,fecha_estreno,
       dias_estreno,espectadores,recaudacion)
  VALUES ('Cine Monterrey',3,'11111118-S','1997-09-22',13,6000,4000000);
INSERT 
  INTO Proyeccion (cine,sala,cip,fecha_estreno,
       dias_estreno,espectadores,recaudacion)
  VALUES ('Cine Monterrey',4,'11111119-S', '1997-09-22',14,1000,500000);
INSERT 
  INTO Proyeccion (cine,sala,cip,fecha_estreno,
       dias_estreno,espectadores,recaudacion)
  VALUES ('Cine Monterrey',5,'11111120-S','1997-09-22',12,7000,5000000);
INSERT 
  INTO Proyeccion (cine,sala,cip,fecha_estreno,
       dias_estreno,espectadores,recaudacion)
  VALUES ('Cine Teatro Chico',1,'11111117-S','1997-09-22',10,5000,2500000);
INSERT 
  INTO Proyeccion (cine,sala,cip,fecha_estreno,
       dias_estreno,espectadores,recaudacion)
  VALUES ('Cine Teatro Chico',2,'11111106-S', '1997-09-21',12,7000,5000000);
INSERT 
  INTO Proyeccion (cine,sala,cip,fecha_estreno,
       dias_estreno,espectadores,recaudacion)
  VALUES ('Cine Teatro Chico',3,'11111118-S','1997-09-22', 19,6000,3000000);
INSERT 
  INTO Proyeccion (cine,sala,cip,fecha_estreno,
       dias_estreno,espectadores,recaudacion)
  VALUES ('Cine Teatro Chico',4,'11111119-S','1997-09-22',10,9000,4500000);
INSERT 
  INTO Proyeccion (cine,sala,cip,fecha_estreno,
       dias_estreno,espectadores,recaudacion)
  VALUES ('Cine Teatro Chico',5,'11111120-S','1997-09-22',21,6000,4000000);
INSERT 
  INTO Proyeccion (cine,sala,cip,fecha_estreno,
       dias_estreno,espectadores,recaudacion)
  VALUES ('Multicines Avenida',1,'11111118-S','1997-09-22',10,9000,4500000);
INSERT 
  INTO Proyeccion (cine,sala,cip,fecha_estreno,
       dias_estreno,espectadores,recaudacion)
  VALUES ('Multicines Avenida',2,'11111106-S','1997-09-21',21,6000,4000000);
INSERT 
  INTO Proyeccion (cine,sala,cip,fecha_estreno,
       dias_estreno,espectadores,recaudacion)
  VALUES ('Multicines Avenida',3,'11111117-S','1997-09-22',12,7000,5000000);
INSERT 
  INTO Proyeccion (cine,sala,cip,fecha_estreno,
       dias_estreno,espectadores,recaudacion)
  VALUES ('Multicines Avenida',4,'11111119-S','1997-09-22',12,7000,5000000);
INSERT 
  INTO Proyeccion (cine,sala,cip,fecha_estreno,
       dias_estreno,espectadores,recaudacion)
  VALUES ('Multicines Avenida',5,'11111120-S','1997-09-22',12,7000,5000000);
INSERT 
  INTO Proyeccion (cine,sala,cip,fecha_estreno,
       dias_estreno,espectadores,recaudacion)
  VALUES ('Cine Los Sauces',1,'11111106-S','1997-09-21',11,4000,3000000);
INSERT 
  INTO Proyeccion (cine,sala,cip,fecha_estreno,
       dias_estreno,espectadores,recaudacion)
  VALUES ('Cine Los Sauces',2,'11111117-S','1997-09-22',12,7000,5000000);
INSERT 
  INTO Proyeccion (cine,sala,cip,fecha_estreno,
       dias_estreno,espectadores,recaudacion)
  VALUES ('Cine Los Sauces',4,'11111119-S','1997-09-22',14,1000,500000);
INSERT 
  INTO Proyeccion (cine,sala,cip,fecha_estreno,
       dias_estreno,espectadores,recaudacion)
  VALUES ('Cine Los Sauces',5,'11111120-S', '1997-09-22',11,4000,3000000);
INSERT 
  INTO Proyeccion (cine,sala,cip,fecha_estreno,
       dias_estreno,espectadores,recaudacion)
  VALUES ('Multicines Millennium',1,'11111120-S','1997-09-22',11,4000,3000000);
INSERT 
  INTO Proyeccion (cine,sala,cip,fecha_estreno,
       dias_estreno,espectadores,recaudacion)
  VALUES ('Multicines Millennium',2,'11111119-S','1997-09-22',12,7000,5000000);
INSERT 
  INTO Proyeccion (cine,sala,cip,fecha_estreno,
       dias_estreno,espectadores,recaudacion)
  VALUES ('Multicines Millennium',3,'11111118-S', '1997-09-22',21,6000,4000000);
INSERT 
  INTO Proyeccion (cine,sala,cip,fecha_estreno,
       dias_estreno,espectadores,recaudacion)
  VALUES ('Multicines Millennium',4,'11111117-S', '1997-09-22',11,4000,3000000);
INSERT 
  INTO Proyeccion (cine,sala,cip,fecha_estreno,
       dias_estreno,espectadores,recaudacion)
  VALUES ('Multicines Millennium',5,'11111106-S','1997-09-21',12,7000,5000000);
INSERT 
  INTO Proyeccion (cine,sala,cip,fecha_estreno,
       dias_estreno,espectadores,recaudacion)
  VALUES ('Cine Tazacorte',1,'11111106-S','1997-09-21',11,4000,3000000);
INSERT 
  INTO Proyeccion (cine,sala,cip,fecha_estreno,
       dias_estreno,espectadores,recaudacion)
  VALUES ('Cine Tazacorte',2,'11111117-S','1997-09-22',12,7000,5000000);
INSERT 
  INTO Proyeccion (cine,sala,cip,fecha_estreno,
       dias_estreno,espectadores,recaudacion)
  VALUES ('Cine Tazacorte',3,'11111118-S','1997-09-22',12,7000,5000000);
INSERT 
  INTO Proyeccion (cine,sala,cip,fecha_estreno,
       dias_estreno,espectadores,recaudacion)
  VALUES ('Cine Tazacorte',4,'11111119-S', '1997-09-22',13,6000,4000000);
INSERT 
  INTO Proyeccion (cine,sala,cip,fecha_estreno,
       dias_estreno,espectadores,recaudacion)
  VALUES ('Cine Tazacorte',5,'11111120-S', '1997-09-22',14,1000,500000);
INSERT 
  INTO Proyeccion (cine,sala,cip,fecha_estreno,
       dias_estreno,espectadores,recaudacion)
  VALUES ('Cine Monterrey',1,'11111110-S','1998-09-21',12,7000,5000000);
INSERT 
  INTO Proyeccion (cine,sala,cip,fecha_estreno,
       dias_estreno,espectadores,recaudacion)
  VALUES ('Cine Monterrey',2,'11111121-S','1998-09-21',10,5000,2500000);
INSERT 
  INTO Proyeccion (cine,sala,cip,fecha_estreno,
       dias_estreno,espectadores,recaudacion)
  VALUES ('Cine Monterrey',3,'11111122-S', '1998-09-22',11,4000,3000000);
INSERT 
  INTO Proyeccion (cine,sala,cip,fecha_estreno,
       dias_estreno,espectadores,recaudacion)
  VALUES ('Cine Monterrey',4,'11111124-S','1998-09-22',12,7000,5000000);
INSERT 
  INTO Proyeccion (cine,sala,cip,fecha_estreno,
       dias_estreno,espectadores,recaudacion)
  VALUES ('Cine Monterrey',5,'11111125-S','1998-09-22',13,6000,4000000);
INSERT 
  INTO Proyeccion (cine,sala,cip,fecha_estreno,
       dias_estreno,espectadores,recaudacion)
  VALUES ('Cine Monterrey',5,'11111126-S', '1998-10-07',11,4000,3000000);
INSERT 
  INTO Proyeccion (cine,sala,cip,fecha_estreno,
       dias_estreno,espectadores,recaudacion)
  VALUES ('Cine Teatro Chico',1,'11111121-S','1998-09-21',11,4000,3000000);
INSERT 
  INTO Proyeccion (cine,sala,cip,fecha_estreno,
       dias_estreno,espectadores,recaudacion)
  VALUES ('Cine Teatro Chico',2,'11111110-S','1998-09-21',12,7000,5000000);
INSERT 
  INTO Proyeccion (cine,sala,cip,fecha_estreno,
       dias_estreno,espectadores,recaudacion)
  VALUES ('Cine Teatro Chico',2,'11111126-S','1998-10-05',11,4000,3000000);
INSERT 
  INTO Proyeccion (cine,sala,cip,fecha_estreno,
       dias_estreno,espectadores,recaudacion)
  VALUES ('Cine Teatro Chico',3,'11111122-S','1998-09-22',12,7000,5000000);
INSERT 
  INTO Proyeccion (cine,sala,cip,fecha_estreno,
       dias_estreno,espectadores,recaudacion)
  VALUES ('Cine Teatro Chico',4,'11111125-S','1998-09-22',13,6000,4000000);
INSERT 
  INTO Proyeccion (cine,sala,cip,fecha_estreno,
       dias_estreno,espectadores,recaudacion)
  VALUES ('Cine Teatro Chico',5,'11111126-S','1998-09-22',11,4000,3000000);
INSERT 
  INTO Proyeccion (cine,sala,cip,fecha_estreno,
       dias_estreno,espectadores,recaudacion)
  VALUES ('Multicines Avenida',1,'11111110-S','1998-09-21',11,4000,3000000);
INSERT 
  INTO Proyeccion (cine,sala,cip,fecha_estreno,
       dias_estreno,espectadores,recaudacion)
  VALUES ('Multicines Avenida',2,'11111121-S','1998-09-21',12,7000,5000000);
INSERT 
  INTO Proyeccion (cine,sala,cip,fecha_estreno,
       dias_estreno,espectadores,recaudacion)
  VALUES ('Multicines Avenida',4,'11111122-S','1998-09-22',22,7000,5000000);
INSERT 
  INTO Proyeccion (cine,sala,cip,fecha_estreno,
       dias_estreno,espectadores,recaudacion)
  VALUES ('Multicines Avenida',5,'11111125-S','1998-09-22',12,7000,5000000);
INSERT 
  INTO Proyeccion (cine,sala,cip,fecha_estreno,
       dias_estreno,espectadores,recaudacion)
  VALUES ('Multicines Avenida',5,'11111126-S','1998-10-05',13,4000,3000000);
INSERT 
  INTO Proyeccion (cine,sala,cip,fecha_estreno,
       dias_estreno,espectadores,recaudacion)
  VALUES ('Cine Los Sauces',1,'11111125-S','1998-09-22',11,4000,3000000);
INSERT 
  INTO Proyeccion (cine,sala,cip,fecha_estreno,
       dias_estreno,espectadores,recaudacion)
  VALUES ('Cine Los Sauces',1,'11111126-S', '1998-09-22',12,7000,5000000);
INSERT 
  INTO Proyeccion (cine,sala,cip,fecha_estreno,
       dias_estreno,espectadores,recaudacion)
  VALUES ('Cine Los Sauces',2,'11111124-S','1998-09-22',13,6000,4000000);
INSERT 
  INTO Proyeccion (cine,sala,cip,fecha_estreno,
       dias_estreno,espectadores,recaudacion)
  VALUES ('Cine Los Sauces',3,'11111122-S','1998-09-22',14,1000,500000);
INSERT 
  INTO Proyeccion (cine,sala,cip,fecha_estreno,
       dias_estreno,espectadores,recaudacion)
  VALUES ('Cine Los Sauces',4,'11111121-S','1998-09-21',11,4000,3000000);
INSERT 
  INTO Proyeccion (cine,sala,cip,fecha_estreno,
       dias_estreno,espectadores,recaudacion)
  VALUES ('Cine Los Sauces',5,'11111110-S','1998-09-21',12,7000,5000000);
INSERT 
  INTO Proyeccion (cine,sala,cip,fecha_estreno,
       dias_estreno,espectadores,recaudacion)
  VALUES ('Multicines Millennium',1,'11111110-S','1998-09-21',11,4000,3000000);
INSERT 
  INTO Proyeccion (cine,sala,cip,fecha_estreno,
       dias_estreno,espectadores,recaudacion)
  VALUES ('Multicines Millennium',2,'11111121-S','1998-09-21',12,7000,5000000);
INSERT 
  INTO Proyeccion (cine,sala,cip,fecha_estreno,
       dias_estreno,espectadores,recaudacion)
  VALUES ('Multicines Millennium',3,'11111122-S','1998-09-22',11,4000,3000000);
INSERT 
  INTO Proyeccion (cine,sala,cip,fecha_estreno,
       dias_estreno,espectadores,recaudacion)
  VALUES ('Multicines Millennium',4,'11111124-S','1998-09-22',11,4000,3000000);
INSERT 
  INTO Proyeccion (cine,sala,cip,fecha_estreno,
       dias_estreno,espectadores,recaudacion)
  VALUES ('Multicines Millennium',5,'11111125-S', '1998-09-22',11,4000,3000000);
INSERT 
  INTO Proyeccion (cine,sala,cip,fecha_estreno,
       dias_estreno,espectadores,recaudacion)
  VALUES ('Multicines Millennium',5,'11111126-S', '1998-10-02',12,7000,5000000);
INSERT 
  INTO Proyeccion (cine,sala,cip,fecha_estreno,
       dias_estreno,espectadores,recaudacion)
  VALUES ('Cine Tazacorte',1,'11111110-S', '1998-09-21',11,4000,3000000);
INSERT 
  INTO Proyeccion (cine,sala,cip,fecha_estreno,
       dias_estreno,espectadores,recaudacion)
  VALUES ('Cine Tazacorte',2,'11111121-S', '1998-09-21',22,7000,5000000);
INSERT 
  INTO Proyeccion (cine,sala,cip,fecha_estreno,
       dias_estreno,espectadores,recaudacion)
  VALUES ('Cine Tazacorte',3,'11111122-S', '1998-09-22',21,6000,4000000);
INSERT 
  INTO Proyeccion (cine,sala,cip,fecha_estreno,
       dias_estreno,espectadores,recaudacion)
  VALUES ('Cine Tazacorte',4,'11111124-S', '1998-09-22',22,7000,5000000);
INSERT 
  INTO Proyeccion (cine,sala,cip,fecha_estreno,
       dias_estreno,espectadores,recaudacion)
  VALUES ('Cine Tazacorte',5,'11111125-S','1998-09-22',23,4400,7000000);
INSERT 
  INTO Proyeccion (cine,sala,cip,fecha_estreno,
       dias_estreno,espectadores,recaudacion)
  VALUES ('Cine Tazacorte',5,'11111126-S', '1998-10-20',12,3500,2500000);
INSERT 
  INTO Proyeccion (cine,sala,cip,fecha_estreno,
       dias_estreno,espectadores,recaudacion)
  VALUES ('Cine Monterrey',1,'11111101-S','1999-09-21',12,7000,5000000);
INSERT 
  INTO Proyeccion (cine,sala,cip,fecha_estreno,
       dias_estreno,espectadores,recaudacion)
  VALUES ('Cine Monterrey',2,'11111103-S','1999-09-21',13,6000,4000000);
INSERT 
  INTO Proyeccion (cine,sala,cip,fecha_estreno,
       dias_estreno,espectadores,recaudacion)
  VALUES ('Cine Monterrey',3,'11111104-S', '1999-09-21',11,4000,3000000);
INSERT 
  INTO Proyeccion (cine,sala,cip,fecha_estreno,
       dias_estreno,espectadores,recaudacion)
  VALUES ('Cine Monterrey',4,'11111105-S', '1999-09-22',11,4000,3000000);
INSERT 
  INTO Proyeccion (cine,sala,cip,fecha_estreno,
       dias_estreno,espectadores,recaudacion)
  VALUES ('Cine Monterrey',5,'11111111-S','1999-09-22',12,7000,5000000);
INSERT 
  INTO Proyeccion (cine,sala,cip,fecha_estreno,
       dias_estreno,espectadores,recaudacion)
  VALUES ('Cine Teatro Chico',1,'11111101-S','1999-09-21',11,4000,3000000);
INSERT 
  INTO Proyeccion (cine,sala,cip,fecha_estreno,
       dias_estreno,espectadores,recaudacion)
  VALUES ('Cine Teatro Chico',2,'11111103-S','1999-09-21',12,7000,5000000);
INSERT 
  INTO Proyeccion (cine,sala,cip,fecha_estreno,
       dias_estreno,espectadores,recaudacion)
  VALUES ('Cine Teatro Chico',3,'11111104-S', '1999-09-21',13,6000,4000000);
INSERT 
  INTO Proyeccion (cine,sala,cip,fecha_estreno,
       dias_estreno,espectadores,recaudacion)
  VALUES ('Cine Teatro Chico',4,'11111105-S', '1999-09-22',12,7000,5000000);
INSERT 
  INTO Proyeccion (cine,sala,cip,fecha_estreno,
       dias_estreno,espectadores,recaudacion)
  VALUES ('Cine Teatro Chico',5,'11111111-S', '1999-09-22',12,7000,5000000);
INSERT 
  INTO Proyeccion (cine,sala,cip,fecha_estreno,
       dias_estreno,espectadores,recaudacion)
  VALUES ('Multicines Avenida',1,'11111103-S', '1999-09-21',11,4000,3000000);
INSERT 
  INTO Proyeccion (cine,sala,cip,fecha_estreno,
       dias_estreno,espectadores,recaudacion)
  VALUES ('Multicines Avenida',2,'11111101-S', '1999-09-21',12,7000,5000000);
INSERT 
  INTO Proyeccion (cine,sala,cip,fecha_estreno,
       dias_estreno,espectadores,recaudacion)
  VALUES ('Multicines Avenida',3,'11111104-S', '1999-09-21',12,7000,5000000);
INSERT 
  INTO Proyeccion (cine,sala,cip,fecha_estreno,
       dias_estreno,espectadores,recaudacion)
  VALUES ('Multicines Avenida',4,'11111105-S','1999-09-22',11,4000,3000000);
INSERT 
  INTO Proyeccion (cine,sala,cip,fecha_estreno,
       dias_estreno,espectadores,recaudacion)
  VALUES ('Multicines Avenida',5,'11111111-S','1999-09-22',10,5000,2500000);
INSERT 
  INTO Proyeccion (cine,sala,cip,fecha_estreno,
       dias_estreno,espectadores,recaudacion)
  VALUES ('Cine Los Sauces',1,'11111101-S', '1999-09-21',11,4000,3000000);
INSERT 
  INTO Proyeccion (cine,sala,cip,fecha_estreno,
       dias_estreno,espectadores,recaudacion)
  VALUES ('Cine Los Sauces',2,'11111103-S','1999-09-21',11,4000,3000000);
INSERT 
  INTO Proyeccion (cine,sala,cip,fecha_estreno,
       dias_estreno,espectadores,recaudacion)
  VALUES ('Cine Los Sauces',3,'11111104-S','1999-09-21',12,7000,5000000);
INSERT 
  INTO Proyeccion (cine,sala,cip,fecha_estreno,
       dias_estreno,espectadores,recaudacion)
  VALUES ('Cine Los Sauces',4,'11111105-S','1999-09-22',12,7000,5000000);
INSERT 
  INTO Proyeccion (cine,sala,cip,fecha_estreno,
       dias_estreno,espectadores,recaudacion)
  VALUES ('Cine Los Sauces',5,'11111111-S', '1999-09-22',12,7000,5000000);
INSERT 
  INTO Proyeccion (cine,sala,cip,fecha_estreno,
       dias_estreno,espectadores,recaudacion)
  VALUES ('Multicines Millennium',1,'11111111-S','1999-09-21',11,4000,3000000);
INSERT 
  INTO Proyeccion (cine,sala,cip,fecha_estreno,
       dias_estreno,espectadores,recaudacion)
  VALUES ('Multicines Millennium',2,'11111105-S','1999-09-22',11,4000,3000000);
INSERT 
  INTO Proyeccion (cine,sala,cip,fecha_estreno,
       dias_estreno,espectadores,recaudacion)
  VALUES ('Multicines Millennium',3,'11111101-S', '1999-09-21',11,4000,3000000);
INSERT 
  INTO Proyeccion (cine,sala,cip,fecha_estreno,
       dias_estreno,espectadores,recaudacion)
  VALUES ('Multicines Millennium',4,'11111103-S','1999-09-21',12,7000,5000000);
INSERT 
  INTO Proyeccion (cine,sala,cip,fecha_estreno,
       dias_estreno,espectadores,recaudacion)
  VALUES ('Multicines Millennium',5,'11111104-S', '1999-09-21',12,7000,5000000);
INSERT 
  INTO Proyeccion (cine,sala,cip,fecha_estreno,
       dias_estreno,espectadores,recaudacion)
  VALUES ('Cine Tazacorte',1,'11111101-S', '1999-09-21',11,4000,3000000);
INSERT 
  INTO Proyeccion (cine,sala,cip,fecha_estreno,
       dias_estreno,espectadores,recaudacion)
  VALUES ('Cine Tazacorte',2,'11111103-S', '1999-09-21',12,7000,5000000);
INSERT 
  INTO Proyeccion (cine,sala,cip,fecha_estreno,
       dias_estreno,espectadores,recaudacion)
  VALUES ('Cine Tazacorte',3,'11111104-S', '1999-09-21',12,7000,5000000);
INSERT 
  INTO Proyeccion (cine,sala,cip,fecha_estreno,
       dias_estreno,espectadores,recaudacion)
  VALUES ('Cine Tazacorte',4,'11111105-S', '1999-09-22',11,4000,3000000);
INSERT 
  INTO Proyeccion (cine,sala,cip,fecha_estreno,
       dias_estreno,espectadores,recaudacion)
  VALUES ('Cine Tazacorte',5,'11111111-S', '1999-09-22',12,7000,5000000);
